{"status":200,"meta":{"lang_requested":"es","lang_served":"es","source_lang":"en","generated_at":"2026-02-26T00:29:08.154Z","filtersTitles":{"city":"Ciudad","category":"Categoría de recurso"}},"data":{"programs":[{"Agency Name":"Centro de recursos y asistencia Agape para mujeres, madres y niños","City-ID":"CITY012","City":"Plano","Category-ID":"CAT004","Category":"Violencia doméstica","Address":"No business address listed ","Website":"www.hope4agape.org","Email":"info@hope4agape.org","Phone":"469-814.-0453","Phone2":"","Phone3":"","Zip Code":75086,"Description":""},{"Agency Name":"Alcance comunitario de Allen","City-ID":"CITY001","City":"Allen","Category-ID":"CAT009","Category":"Muebles, camas y artículos para el hogar.","Address":"801 E Main Street, Allen, Tx 75002","Website":"https://www.acocares.org/get-involved/resale-shops/","Email":"","Phone":"972-727-9131","Phone2":"","Phone3":"","Zip Code":75002,"Description":""},{"Agency Name":"Alcance comunitario de Allen","City-ID":"CITY001","City":"Allen","Category-ID":"CAT015","Category":"Asistencia médica y dental","Address":"801 E Main Street, Allen, Tx 75002","Website":"https://www.acocares.org","Email":"","Phone":"972-727-9131","Phone2":"","Phone3":"","Zip Code":75002,"Description":""},{"Agency Name":"Centro de asistencia del condado de Collin","City-ID":"CITY012","City":"Plano","Category-ID":"CAT007","Category":"Servicios financieros y legales","Address":"900 East 18th Street, Plano, Tx 75074","Website":"https://assistancecenter.org","Email":"","Phone":"972-422-1125","Phone2":"","Phone3":"","Zip Code":75074,"Description":""},{"Agency Name":"Centro de asistencia del condado de Collin","City-ID":"CITY012","City":"Plano","Category-ID":"CAT012","Category":"Vivienda y servicios públicos","Address":"900 18th Street, Plano,Tx 75074","Website":"www.assistancecenter.org","Email":"","Phone":"972-422-1125","Phone2":"972-422-1850","Phone3":"","Zip Code":75074,"Description":""},{"Agency Name":"Vida asistida","City-ID":"CITY014","City":"Seattle","Category-ID":"CAT012","Category":"Vivienda y servicios públicos","Address":"P.O. Box 45829, Seattle, WA 98145-0826","Website":"www.assistedliving.org/texas/","Email":"www.assistedliving.org/about-us/#contact","Phone":"855-221-9611","Phone2":"","Phone3":"","Zip Code":"98145-0826","Description":""},{"Agency Name":"Inicio de cama, Inc.","City-ID":"CITY012","City":"Plano","Category-ID":"CAT009","Category":"Muebles, camas y artículos para el hogar.","Address":"6701 Mossberg Drive, Plano, Tx 75023","Website":"www.bedstart.org","Email":"director@bedstart.org","Phone":"","Phone2":"","Phone3":"","Zip Code":75023,"Description":""},{"Agency Name":"La casa de Blake","City-ID":"CITY012","City":"Plano","Category-ID":"CAT017","Category":"Refugios","Address":"Address is kept private","Website":"www.blakeshouse.org","Email":"info@blakeshouse.org","Phone":"214-724-1598","Phone2":"972-358-4732","Phone3":"","Zip Code":"unknown","Description":""},{"Agency Name":"Caridades Católicas","City-ID":"CITY006","City":"Frisco","Category-ID":"CAT012","Category":"Vivienda y servicios públicos","Address":"8000 Eldorado Parkway, Frisco,Tx 75033","Website":"https://www.svdpfrisco.org/request-assistance","Email":"","Phone":"469-305-0391","Phone2":"","Phone3":"","Zip Code":75033,"Description":""},{"Agency Name":"Guía de parálisis cerebral","City-ID":"CITY016","City":"Winter Springs, Florida","Category-ID":"CAT016","Category":"Otro","Address":"1073 Willa Springs Drive, Suite 2005, Winter Springs, Florida, 32708","Website":"www.cerebralpalsyguide.com","Email":"contact@cerebralpalsyguide.com","Phone":"855-220-1101","Phone2":"866-779-4630","Phone3":"","Zip Code":32708,"Description":""},{"Agency Name":"Centro de Defensa de los Niños del Condado de Collin","City-ID":"CITY012","City":"Plano","Category-ID":"CAT001","Category":"Abuso infantil","Address":"2205 Los Rios Blvd, Plano, Tx 75074","Website":"https://www.caccollincounty.org/","Email":"eduarte@caccollincounty.org","Phone":"972-633-6600","Phone2":"","Phone3":"","Zip Code":75074,"Description":""},{"Agency Name":"Iglesia Cristiana Benéfica / Alcance","City-ID":"CITY012","City":"Plano","Category-ID":"CAT008","Category":"Alimento","Address":"1804 P Avenue, Plano, Tx 75074","Website":"www.willowcreekfellowship.org/foodpantry.html","Email":"","Phone":"972-890-5285","Phone2":"","Phone3":"","Zip Code":75074,"Description":""},{"Agency Name":"Despensa de alimentos cristiana","City-ID":"CITY012","City":"Plano","Category-ID":"CAT008","Category":"Alimento","Address":"1116 Dobie Drive, Plano, Tx75074","Website":"www.achristianfoodpantry.org","Email":"","Phone":"972-578-5730","Phone2":"","Phone3":"","Zip Code":75074,"Description":""},{"Agency Name":"Refugio para niños y adolescentes sin hogar City House","City-ID":"CITY012","City":"Plano","Category-ID":"CAT017","Category":"Refugios","Address":"830 Central Parkway, Suite 350, Plano,Tx 75074","Website":"www.cityhouse.org","Email":"","Phone":"972-424-4626","Phone2":"972-971-0278","Phone3":"","Zip Code":75074,"Description":""},{"Agency Name":"Colegio Collin","City-ID":"CITY010","City":"McKinney","Category-ID":"CAT006","Category":"Clases de inglés como segundo idioma","Address":"3452 Spur 399","Website":"www.collin.edu/department/esl","Email":"","Phone":"972-985-3750","Phone2":"","Phone3":"","Zip Code":75069,"Description":"Clases en diferentes horarios y lugares en Frisco, Plano, McKinney, Wylie y Farmersville."},{"Agency Name":"Colegio Collin","City-ID":"","City":"","Category-ID":"CAT010","Category":"Clases de GED","Address":"","Website":"https://www.collin.edu/ce/classes/ged.html","Email":"CEInfo@collin.edu","Phone":"972-985-3750","Phone2":"","Phone3":"","Zip Code":"","Description":"El curso de preparación para el examen GED de Collin College prepara a los estudiantes para cada uno de los cuatro exámenes de materias del GED: razonamiento matemático, razonamiento a través de las artes del lenguaje, estudios sociales y ciencias."},{"Agency Name":"Consejo de alfabetización de adultos del condado de Collin","City-ID":"CITY010","City":"McKinney","Category-ID":"CAT014","Category":"Alfabetismo","Address":"No business address listed ","Website":"https://volunteermckinney.galaxydigital.com/agency/detail/?agency_id=8531","Email":"collincountyadultliteracy@gmail.com","Phone":"469-422-4350","Phone2":"","Phone3":"","Zip Code":"","Description":""},{"Agency Name":"Servicios de salud del condado de Collin - Ubicación de McKinney","City-ID":"CITY010","City":"McKinney","Category-ID":"CAT015","Category":"Asistencia médica y dental","Address":"825 N McDonald Street, Suite 130, McKinney, Tx 75069","Website":"https://www.collincountytx.gov/Services/Health-Care-Services","Email":"mckinneywic@co.collin.tx.us","Phone":"972-548-5500","Phone2":"","Phone3":"","Zip Code":75069,"Description":""},{"Agency Name":"Servicios de atención médica del condado de Collin - Ubicación de Plano","City-ID":"CITY012","City":"Plano","Category-ID":"CAT015","Category":"Asistencia médica y dental","Address":"900 E Park Blvd, Suite 165, Plano, Tx 75074","Website":"https://www.wicprograms.org/ci/tx-plano","Email":"planowic@co.collin.tx.us","Phone":"972.633.3350","Phone2":"","Phone3":"","Zip Code":75074,"Description":""},{"Agency Name":"Despensa de alimentos comunitaria de McKinney","City-ID":"CITY010","City":"McKinney","Category-ID":"CAT008","Category":"Alimento","Address":"307 Smith Street, McKinney, Tx 75069","Website":"www.community-foodpantry.org","Email":"info@community-foodpantry.org","Phone":"972-547-4404","Phone2":"","Phone3":"","Zip Code":75069,"Description":""},{"Agency Name":"Cocina de huerto comunitario","City-ID":"CITY010","City":"McKinney","Category-ID":"CAT008","Category":"Alimento","Address":"501 Howard Street, McKinney Tx 75069","Website":"www.communitygardenkitchen.org","Email":"micheleburke@communitygardenkitchen.org","Phone":"214-592-7334","Phone2":"","Phone3":"","Zip Code":"","Description":"Sirve comidas gratis a quienes las necesiten, sin necesidad de identificación ni documentación. Abierto de lunes a jueves, de 18:00 a 20:00 h. Cerrado los días festivos."},{"Agency Name":"Red de Asistencia Cornerstone del Centro Norte de Texas","City-ID":"CITY013","City":"Prosperar","Category-ID":"CAT002","Category":"Ropa","Address":"304 W First Street, Prosper, Tx 75078","Website":"www.cornerstonenct.org","Email":"","Phone":"972-689-9115","Phone2":"","Phone3":"","Zip Code":75078,"Description":""},{"Agency Name":"Asociación para la Discapacidad y el Socorro en Casos de Desastre","City-ID":"CITY003","City":"Berkeley","Category-ID":"CAT015","Category":"Asistencia médica y dental","Address":"3075 Adeline Street, Suite 155, Berkeley, CA 94703","Website":"https://wid.org/","Email":"wid@wid.org","Phone":"510-225-6400","Phone2":"510-225-0477","Phone3":"","Zip Code":94703,"Description":""},{"Agency Name":"Vístete para el éxito - Dallas","City-ID":"CITY004","City":"Dallas","Category-ID":"CAT002","Category":"Ropa","Address":"5580 Peterson Lane, Suite 155, Dallas, Tx 75240","Website":"https://dallas.dressforsuccess.org/","Email":"","Phone":"972-392-9770","Phone2":"","Phone3":"","Zip Code":"","Description":""},{"Agency Name":"Vístete para el éxito - Dallas","City-ID":"CITY004","City":"Dallas","Category-ID":"CAT005","Category":"Asistencia para el empleo","Address":"5580 Peterson Lane, Suite 155, Dallas, Tx 75240","Website":"https://dallas.dressforsuccess.org/","Email":"","Phone":"972-392-9770","Phone2":"","Phone3":"","Zip Code":"","Description":""},{"Agency Name":"Embrace - Apoyo para familias de acogida y adopción","City-ID":"CITY010","City":"McKinney","Category-ID":"CAT016","Category":"Otro","Address":"703 S. Tennessee Street, McKinney, Tx 75069","Website":"www.embracetexas.org","Email":"info@embracetexas.org","Phone":"469-617-3174","Phone2":"","Phone3":"","Zip Code":"","Description":""},{"Agency Name":"Brújula familiar","City-ID":"CITY012","City":"Plano","Category-ID":"CAT001","Category":"Abuso infantil","Address":"2205 Los Rios Blvd, Plano, Tx 75074","Website":"www.family-compass.org","Email":"","Phone":"972-633-6726","Phone2":"","Phone3":"","Zip Code":75074,"Description":""},{"Agency Name":"Centro de Salud Familiar en Virginia","City-ID":"CITY010","City":"McKinney","Category-ID":"CAT015","Category":"Asistencia médica y dental","Address":"1620 W. Virginia, McKinney, Tx 75069","Website":"www.fhcntx.org","Email":"info@fhcntx.org","Phone":"214-618-5600","Phone2":"","Phone3":"","Zip Code":75069,"Description":""},{"Agency Name":"Promesa familiar del condado de Collin","City-ID":"CITY001","City":"Allen","Category-ID":"CAT017","Category":"Refugios","Address":"P.O. Box 1601, Allen, Tx 75013","Website":"www.familypromiseofcollincounty.org","Email":"supportservices@familypromiseofcollincounty.org","Phone":"972-442-6966","Phone2":"","Phone3":"","Zip Code":"","Description":""},{"Agency Name":"Iglesia Bautista de Frisco - Frisco","City-ID":"CITY006","City":"Frisco","Category-ID":"CAT006","Category":"Clases de inglés como segundo idioma","Address":"7901 Main Street, Frisco, Tx 75034","Website":"www.friscofirst.church ","Email":"info@friscofirst.church","Phone":"972-335-9830","Phone2":"","Phone3":"","Zip Code":"","Description":"Ofrecemos clases gratuitas de inglés como segundo idioma (ESOL) para adultos (cuidado de niños gratuito) los miércoles a las 18:30 h. Para más información, llame."},{"Agency Name":"Primera Iglesia Bautista de Plano","City-ID":"CITY012","City":"Plano","Category-ID":"CAT002","Category":"Ropa","Address":"3665 W President George Bush Hwy, Plano, Tx 75075","Website":"www.fbcplano.org","Email":"fbc@fbcplano.org","Phone":"972-424-8551","Phone2":"","Phone3":"","Zip Code":75075,"Description":""},{"Agency Name":"Servicios familiares de Frisco","City-ID":"CITY006","City":"Frisco","Category-ID":"CAT008","Category":"Alimento","Address":"9125 Dogwood Street, Suite 100, Frisco, Tx 75034","Website":"www.friscofamilyservices.org","Email":"","Phone":"972-335-9495","Phone2":"","Phone3":"","Zip Code":75034,"Description":""},{"Agency Name":"Servicios familiares de Frisco","City-ID":"CITY006","City":"Frisco","Category-ID":"CAT009","Category":"Muebles, camas y artículos para el hogar.","Address":"9125 Dogwood Street, Suite 100, Frisco, Tx 75034","Website":"www.friscofamilyservices.org","Email":"","Phone":"972-335-9495","Phone2":"","Phone3":"","Zip Code":75034,"Description":""},{"Agency Name":"Servicios familiares de Frisco","City-ID":"CITY006","City":"Frisco","Category-ID":"CAT012","Category":"Vivienda y servicios públicos","Address":"9125 Dogwood Street, Suite 100, Frisco, Tx 75034","Website":"www.texvet.org/resources/frisco-family-services-food-pantry-emergency-funds","Email":"","Phone":"972-335-9495","Phone2":"","Phone3":"","Zip Code":75034,"Description":""},{"Agency Name":"Servicios familiares de Frisco / Reventa de Frisco","City-ID":"CITY006","City":"Frisco","Category-ID":"CAT002","Category":"Ropa","Address":"9125 Dogwood Street, Suite 100, Frisco, Tx 75034","Website":"www.friscofamilyservices.org","Email":"","Phone":"972-335-9495","Phone2":"972-712-7833","Phone3":"","Zip Code":75033,"Description":""},{"Agency Name":"Fastpacs de Frisco","City-ID":"CITY006","City":"Frisco","Category-ID":"CAT008","Category":"Alimento","Address":"124 Rose Lane, Suite 603, Frisco, Tx 75034","Website":"www.friscofastpacs.org","Email":"info@friscofastpacs.org","Phone":"469-731-5040","Phone2":"","Phone3":"","Zip Code":75034,"Description":""},{"Agency Name":"Autoridad de Vivienda de Frisco","City-ID":"CITY006","City":"Frisco","Category-ID":"CAT012","Category":"Vivienda y servicios públicos","Address":"9400 3rd Street, Suite 405, Frisco, Tx 75033","Website":"www.friscoha.org","Email":"info@friscoha.org","Phone":"972-377-3031","Phone2":"","Phone3":"","Zip Code":75033,"Description":""},{"Agency Name":"Distrito Escolar Independiente de Frisco","City-ID":"CITY006","City":"Frisco","Category-ID":"CAT006","Category":"Clases de inglés como segundo idioma","Address":"5515 Ohio Drive, Frisco, Tx 75035","Website":"www.friscoisd.org/departments/bilingual-education-esl-programs/parent-resources","Email":"daddia@friscoisd.org","Phone":"469-633-6886","Phone2":"469-633-6841","Phone3":"","Zip Code":75035,"Description":""},{"Agency Name":"Distrito Escolar Independiente de Frisco - Christine Baughman, Enlace del Distrito para Personas sin Hogar","City-ID":"CITY006","City":"Frisco","Category-ID":"CAT011","Category":"Sin hogar","Address":"5515 Ohio Drive, Frisco, Tx 75034","Website":"https://www.friscoisd.org/departments/guidance-and-counseling/counseling-resources/homeless-resources","Email":"baughmac@friscoisd.org","Phone":"469-633-6587","Phone2":"","Phone3":"","Zip Code":75034,"Description":""},{"Agency Name":"Frisco ISD - Departamento de Nutrición","City-ID":"CITY006","City":"Frisco","Category-ID":"CAT008","Category":"Alimento","Address":"12050 Rolater Road, Frisco, Tx 75035","Website":"https://www.friscoisd.org/departments/child-nutrition/home","Email":"friscocafe@friscoisd.org","Phone":"469-633-6980","Phone2":"","Phone3":"","Zip Code":75035,"Description":""},{"Agency Name":"Biblioteca Pública de Frisco","City-ID":"CITY006","City":"Frisco","Category-ID":"CAT006","Category":"Clases de inglés como segundo idioma","Address":"6101 Frisco Square Blvd.","Website":"www.friscolibrary.com/esl","Email":"","Phone":"972-292-5669","Phone2":"","Phone3":"","Zip Code":75034,"Description":""},{"Agency Name":"Armario de ropa para estudiantes de Frisco Threads","City-ID":"CITY006","City":"Frisco","Category-ID":"CAT002","Category":"Ropa","Address":"7159 Hickory St. Frisco, Tx 75034","Website":"friscopta.org/frisco-threads","Email":"friscothreads@friscopta.org","Phone":"","Phone2":"","Phone3":"","Zip Code":75034,"Description":"El armario de ropa beneficia a los estudiantes de FISD"},{"Agency Name":"La despensa de alimentos de Dios","City-ID":"CITY012","City":"Plano","Category-ID":"CAT008","Category":"Alimento","Address":"3420 14th Street, Suite 101, Plano, Tx 75074","Website":"www.godspantryplano.org","Email":"gods_pantry2014@yahoo.com","Phone":"972-633-9777","Phone2":"","Phone3":"","Zip Code":75074,"Description":""},{"Agency Name":"Industrias de buena voluntad","City-ID":"CITY006","City":"Frisco","Category-ID":"CAT002","Category":"Ropa","Address":"3939 Ohio Drive, Frisco, Tx 75035","Website":"https://goodwilldallas.org/our-stores/","Email":"","Phone":"214-436-4110","Phone2":"214-638-2800","Phone3":"","Zip Code":75035,"Description":""},{"Agency Name":"Tienda Goodwill de Frisco","City-ID":"CITY006","City":"Frisco","Category-ID":"CAT009","Category":"Muebles, camas y artículos para el hogar.","Address":"3939 Ohio Drive, Frisco, Tx 75035","Website":"https://goodwilldallas.org/our-stores/","Email":"","Phone":"214-436-4110","Phone2":"214-638-2800","Phone3":"","Zip Code":75035,"Description":""},{"Agency Name":"Reventa de Gracebridge","City-ID":"CITY006","City":"Frisco","Category-ID":"CAT002","Category":"Ropa","Address":"9380 Prestonmont Place, Frisco, Tx 75035","Website":"www.gracebridgeresale.com","Email":"","Phone":"972.961-1810","Phone2":"469-808-9084","Phone3":"","Zip Code":75035,"Description":""},{"Agency Name":"Reventa de Gracebridge","City-ID":"CITY006","City":"Frisco","Category-ID":"CAT009","Category":"Muebles, camas y artículos para el hogar.","Address":"9380 Prestonmont Place, Frisco, Tx 75034","Website":"www.gracebridgeresale.com","Email":"","Phone":"972-961-1810","Phone2":"469-808-9084","Phone3":"","Zip Code":75035,"Description":""},{"Agency Name":"Grand Love - Grupo de apoyo para abuelos que crían a sus nietos","City-ID":"CITY013","City":"Prosperar","Category-ID":"CAT016","Category":"Otro","Address":"2521 Wildflower Way, Prosper, Tx 75078","Website":"www.grand-love.com","Email":"info.grandlove@gmail.com","Phone":"469-271-7100","Phone2":"","Phone3":"","Zip Code":75078,"Description":""},{"Agency Name":"Servicios de Salud del Norte de Texas","City-ID":"CITY012","City":"Plano","Category-ID":"CAT015","Category":"Asistencia médica y dental","Address":"5501 N Independence Parkway, Suite 110, Plano, Tx 75023","Website":"www.healthservicesntx.org/","Email":"","Phone":"972-381-1501","Phone2":"","Phone3":"","Zip Code":75023,"Description":""},{"Agency Name":"Clínica Hope de McKinney","City-ID":"CITY010","City":"McKinney","Category-ID":"CAT015","Category":"Asistencia médica y dental","Address":"103 E Lamar Street, McKinney, Tx 75069","Website":"","Email":"info@hopeclinicmckinney.org","Phone":"469-712-4246","Phone2":"","Phone3":"","Zip Code":75069,"Description":""},{"Agency Name":"Fundación de Vivienda Hope","City-ID":"CITY010","City":"McKinney","Category-ID":"CAT012","Category":"Vivienda y servicios públicos","Address":"3900 S Stonebridge Drive, Suite 302, McKinney, Tx 75070","Website":"","Email":"support@hopehousingfoundation.com","Phone":"214-842-8075","Phone2":"","Phone3":"","Zip Code":75070,"Description":""},{"Agency Name":"Tienda de reventa Hope’s Door","City-ID":"CITY012","City":"Plano","Category-ID":"CAT002","Category":"Ropa","Address":"2129 Parker Road, Suite 300, Plano, Tx 75023","Website":"www.hdnbc.org","Email":"","Phone":"972-769-0610","Phone2":"","Phone3":"","Zip Code":75023,"Description":""},{"Agency Name":"Autoridad de Vivienda / Plano","City-ID":"CITY012","City":"Plano","Category-ID":"CAT012","Category":"Vivienda y servicios públicos","Address":"1740 G Avenue, Plano, Tx 75074","Website":"www.planoha.org","Email":"","Phone":"972-423-4928","Phone2":"","Phone3":"","Zip Code":75074,"Description":""},{"Agency Name":"Centro Islámico de Frisco","City-ID":"CITY006","City":"Frisco","Category-ID":"CAT017","Category":"Refugios","Address":"11137 Frisco St., Frisco, TX 75033","Website":"https://friscomasjid.org/services/community-assistance-program","Email":"contact@friscomasjid.org","Phone":"469-252-4532","Phone2":"","Phone3":"","Zip Code":75033,"Description":""},{"Agency Name":"Servicio Familiar Judío del Gran Dallas","City-ID":"CITY004","City":"Dallas","Category-ID":"CAT012","Category":"Vivienda y servicios públicos","Address":"5402 Arapaho Road, Dallas, Tx 75248","Website":"https://jfsdallas.org/services","Email":"info@jfsdallas.org","Phone":"972-437-9950","Phone2":"","Phone3":"","Zip Code":75248,"Description":""},{"Agency Name":"Viaje al sueño","City-ID":"CITY008","City":"Lewisville","Category-ID":"CAT011","Category":"Sin hogar","Address":"579 N Valley Parkway, Suite 200, Lewisville,Tx 75067","Website":"www.journeytodream.com","Email":"info@journeytodream.com","Phone":"469-470-2382","Phone2":"","Phone3":"","Zip Code":75067,"Description":""},{"Agency Name":"Banco de alimentos del área de Little Elm","City-ID":"CITY009","City":"Olmo pequeño","Category-ID":"CAT008","Category":"Alimento","Address":"501 Bill Street, Little Elm, Tx 75068","Website":"www.leafb.org","Email":"","Phone":"972-294-4061","Phone2":"","Phone3":"","Zip Code":75068,"Description":""},{"Agency Name":"Asistencia legal de Lone Star","City-ID":"CITY007","City":"Houston","Category-ID":"CAT007","Category":"Servicios financieros y legales","Address":"500 Jefferson Street, Houston, Tx 77002","Website":"lonestarlegal.blog","Email":"","Phone":"1-800-733-8394","Phone2":"713-652-0077","Phone3":"","Zip Code":"77001-0398","Description":""},{"Agency Name":"Lovepacs","City-ID":"CITY006","City":"Frisco","Category-ID":"CAT008","Category":"Alimento","Address":"122 Rose Lane, Suite J2, Frisco, Tx 75036","Website":"www.lovepacs.org","Email":"frisco@lovepacs.org","Phone":"469-766-9128","Phone2":"","Phone3":"","Zip Code":75036,"Description":""},{"Agency Name":"Despensa de alimentos del Cuerpo McKinney - Ejército de Salvación","City-ID":"CITY010","City":"McKinney","Category-ID":"CAT008","Category":"Alimento","Address":"600 Wilson Creek Pkwy, McKinney, Tx 75069","Website":"https://salvationarmyntx.org/north-texas/mckinney/","Email":"","Phone":"972-562-6996","Phone2":"","Phone3":"","Zip Code":75069,"Description":""},{"Agency Name":"Autoridad de Vivienda de McKinney","City-ID":"CITY010","City":"McKinney","Category-ID":"CAT012","Category":"Vivienda y servicios públicos","Address":"603 N Tennessee Street, McKinney, Tx 75069","Website":"http://mckinneyha.org","Email":"info@mckinneyha.org","Phone":"972-542-5641","Phone2":"","Phone3":"","Zip Code":75069,"Description":""},{"Agency Name":"Comidas a domicilio en el condado de Collin","City-ID":"CITY010","City":"McKinney","Category-ID":"CAT008","Category":"Alimento","Address":"600 N Tennessee Street, McKinney, Tx 75069","Website":"www.mealsonwheelscc.org/#","Email":"frontdesk@mealsonwheelscc.org","Phone":"972-562-0253","Phone2":"","Phone3":"","Zip Code":"","Description":""},{"Agency Name":"Despensa de alimentos de Minnie","City-ID":"CITY012","City":"Plano","Category-ID":"CAT008","Category":"Alimento","Address":"661 18th Street, Plano, Tx 75074","Website":"www.minniesfoodpantry.org","Email":"info@minniesfoodpantry.org","Phone":"972-596-0253","Phone2":"","Phone3":"","Zip Code":75074,"Description":""},{"Agency Name":"Necesidades modestas","City-ID":"CITY011","City":"Ciudad de Nueva York","Category-ID":"CAT007","Category":"Servicios financieros y legales","Address":"33 Irving Place, FL 5, New York, New York 10003","Website":"https://www.modestneeds.org/about-us/","Email":"doiqualify@modestneeds.org","Phone":"1-844-667-3776","Phone2":"","Phone3":"","Zip Code":10003,"Description":""},{"Agency Name":"Hogar comunitario de Plano / Campus Este","City-ID":"CITY012","City":"Plano","Category-ID":"CAT012","Category":"Vivienda y servicios públicos","Address":"1612 Ave L, Plano, Tx 75074","Website":"www.planocommunityhome.org","Email":"","Phone":"972-423-6058","Phone2":"","Phone3":"","Zip Code":75074,"Description":""},{"Agency Name":"Vivienda comunitaria de Plano / Vivienda para personas mayores Pioneer Place","City-ID":"CITY012","City":"Plano","Category-ID":"CAT012","Category":"Vivienda y servicios públicos","Address":"1928 Ave K, Plano, Tx 75074","Website":"www.planocommunityhome.org","Email":"","Phone":"972-424-9800","Phone2":"","Phone3":"","Zip Code":75074,"Description":""},{"Agency Name":"Hogar comunitario de Plano / Campus Oeste","City-ID":"CITY012","City":"Plano","Category-ID":"CAT012","Category":"Vivienda y servicios públicos","Address":"1608 Ave L, Plano, Tx 75074","Website":"www.planocommunityhome.org","Email":"","Phone":"972-423-6058","Phone2":"","Phone3":"","Zip Code":75074,"Description":""},{"Agency Name":"Despensa de alimentos del Centro Comunitario Plano Corps - Ejército de Salvación","City-ID":"CITY012","City":"Plano","Category-ID":"CAT008","Category":"Alimento","Address":"3528 14th Street, Plano, Tx 75074","Website":"https://salvationarmyntx.org/north-texas/alleviate-hunger","Email":"","Phone":"972-423-8254","Phone2":"","Phone3":"","Zip Code":"","Description":""},{"Agency Name":"Despensa de Alimentos de Plano - Iglesia Episcopal de la Santa Natividad","City-ID":"CITY012","City":"Plano","Category-ID":"CAT008","Category":"Alimento","Address":"2200 18th Street, Plano, Tx 75074","Website":"holynativity.org/food-pantry/","Email":"info@holynativity.org","Phone":"972-422-1850","Phone2":"","Phone3":"","Zip Code":75074,"Description":""},{"Agency Name":"Autoridad de Vivienda de Plano","City-ID":"CITY012","City":"Plano","Category-ID":"CAT012","Category":"Vivienda y servicios públicos","Address":"1740 Ave G,  Plano, Tx 75074","Website":"www.planoha.org","Email":"","Phone":"972-423-4928 ","Phone2":"","Phone3":"","Zip Code":75074,"Description":""},{"Agency Name":"Programa de rehabilitación de viviendas de Plano","City-ID":"CITY012","City":"Plano","Category-ID":"CAT012","Category":"Vivienda y servicios públicos","Address":"777 E. 15th Street, Plano, Tx 75074","Website":"https://www.plano.gov/903/First-Time-Homebuyers-Program","Email":"shanette@plano.gov","Phone":"972-208-8150","Phone2":"","Phone3":"","Zip Code":75074,"Description":""},{"Agency Name":"Estación de calentamiento nocturno de Plano (POWS)","City-ID":"CITY012","City":"Plano","Category-ID":"CAT012","Category":"Vivienda y servicios públicos","Address":"3528 14th Street, Plano,Tx 75074","Website":"https://www.justserve.org/planoovernightwarmingstation","Email":"","Phone":"214-709-3301","Phone2":"","Phone3":"","Zip Code":"75074-7012","Description":""},{"Agency Name":"Plaza en Chase Oaks","City-ID":"CITY012","City":"Plano","Category-ID":"CAT012","Category":"Vivienda y servicios públicos","Address":"7100 Chase Oaks Blvd, Plano, Tx 75025","Website":"www.plazaatchaseoaks.com","Email":"","Phone":"469-721-6752","Phone2":"","Phone3":"","Zip Code":75025,"Description":""},{"Agency Name":"Iglesia Bautista de Prestonwood","City-ID":"CITY012","City":"Plano","Category-ID":"CAT008","Category":"Alimento","Address":"6801 W. Park Blvd, Plano, Tx 75093","Website":"www.prestonwood.org","Email":"info@prestonwood.org","Phone":"972-820-5030","Phone2":"","Phone3":"","Zip Code":75093,"Description":""},{"Agency Name":"Clínica de Atención Primaria del Norte de Texas","City-ID":"CITY012","City":"Plano","Category-ID":"CAT015","Category":"Asistencia médica y dental","Address":"3900 American Drive, Suite 201, Plano, Tx 75075","Website":"https://www.primarycareclinic.org","Email":"","Phone":"972-596-6005","Phone2":"","Phone3":"","Zip Code":75075,"Description":""},{"Agency Name":"Psicología Hoy","City-ID":"","City":"","Category-ID":"CAT003","Category":"Recursos de asesoramiento","Address":"","Website":"https://www.psychologytoday.com/us/therapists","Email":"","Phone":"","Phone2":"","Phone3":"","Zip Code":"","Description":"Psychology Today es un recurso donde familias e individuos pueden encontrar un terapeuta, un psiquiatra, un centro de tratamiento o grupos de apoyo. También se puede buscar por especialidad, seguro médico o costo."},{"Agency Name":"Actualizar NTX","City-ID":"CITY006","City":"Frisco","Category-ID":"CAT013","Category":"Productos de higiene","Address":"124 Rose Lane Unit 405 (Entrance 2), Frisco, Tx 75036","Website":"www.RefreshNTX.org","Email":"Info@refreshntx.org ","Phone":"469-269-6966","Phone2":"","Phone3":"","Zip Code":"","Description":""},{"Agency Name":"Ejército de Salvación - Plano","City-ID":"CITY012","City":"Plano","Category-ID":"CAT012","Category":"Vivienda y servicios públicos","Address":"3528 14th Street, Plano, Tx 75074","Website":"https://salvationarmyntx.org/north-texas/locations","Email":"","Phone":"972-423-8254","Phone2":"","Phone3":"","Zip Code":75074,"Description":""},{"Agency Name":"Comando del Área del Norte de Texas del Ejército de Salvación","City-ID":"CITY004","City":"Dallas","Category-ID":"CAT017","Category":"Refugios","Address":"9216 Harry Hines Blvd, Suite 800, Dallas, Tx 75247","Website":"www.salvationarmydfw.org","Email":"","Phone":"214-637-8100","Phone2":"","Phone3":"","Zip Code":75247,"Description":""},{"Agency Name":"Posada Samaritana","City-ID":"CITY010","City":"McKinney","Category-ID":"CAT012","Category":"Vivienda y servicios públicos","Address":"1514 N McDonald Street, McKinney, Tx 75071","Website":"https://www.saminn.org","Email":"info@saminn.org","Phone":"972-542-5302","Phone2":"","Phone3":"","Zip Code":75071,"Description":""},{"Agency Name":"Posada Samaritana","City-ID":"CITY010","City":"McKinney","Category-ID":"CAT017","Category":"Refugios","Address":"1514 N McDonald Street, McKinney, Tx 75071","Website":"www.saminn.org","Email":"","Phone":"972-542-5302","Phone2":"","Phone3":"","Zip Code":75071,"Description":""},{"Agency Name":"Centro de Vivienda Compartida","City-ID":"CITY004","City":"Dallas","Category-ID":"CAT017","Category":"Refugios","Address":"402 N Good Latimer Expressway, Dallas, Tx 75204","Website":"www.sharedhousing.org","Email":"info@sharedhousing.org","Phone":"214-821-8510","Phone2":"","Phone3":"","Zip Code":75204,"Description":""},{"Agency Name":"San Vicente de Paúl","City-ID":"CITY012","City":"Plano","Category-ID":"CAT002","Category":"Ropa","Address":"3305 N Central Expy, Suite 280, Plano, Tx 75023","Website":"www.svdpdallas.org/shop/","Email":"helpme@svdpdallas.org","Phone":"214-373-7837","Phone2":"","Phone3":"","Zip Code":75023,"Description":""},{"Agency Name":"Agencia de Educación de Texas","City-ID":"","City":"","Category-ID":"CAT010","Category":"Clases de GED","Address":"","Website":"https://tea.texas.gov/student-assessment/certificate-of-high-school-equivalency/ged-preparation-resources","Email":"","Phone":"1-800-441-7323","Phone2":"","Phone3":"","Zip Code":"","Description":""},{"Agency Name":"Educación de Texas para niños y jóvenes sin hogar","City-ID":"CITY002","City":"Austin","Category-ID":"CAT011","Category":"Sin hogar","Address":"1701 N Congress Avenue, Austin, Tx 78701","Website":"https://tea.texas.gov/texas-schools/support-for-at-risk-schools-and-students/texas-education-for-homeless-children-and-youth-tehcy-program","Email":"homelesseducation@tea.texas.gov","Phone":"512-463-9017","Phone2":"512-463-9734","Phone3":"","Zip Code":78701,"Description":""},{"Agency Name":"Fundación de Mujeres Musulmanas de Texas","City-ID":"CITY012","City":"Plano","Category-ID":"CAT012","Category":"Vivienda y servicios públicos","Address":"No business address listed ","Website":"www.tmwf.org","Email":"tmwf@tmwf.org","Phone":"469-467-6241","Phone2":"972-880-4192","Phone3":"1-877-724-5699","Zip Code":75086,"Description":""},{"Agency Name":"Servicios Familiares y de Protección del Estado de Texas","City-ID":"CITY002","City":"Austin","Category-ID":"CAT001","Category":"Abuso infantil","Address":"P.O. Box 149030, Austin, Tx 78714-9030","Website":"www.dfps.state.tx.us","Email":"","Phone":"512-438-4800","Phone2":"","Phone3":"","Zip Code":"78714-9030","Description":""},{"Agency Name":"Comisión de la Fuerza Laboral de Texas","City-ID":"CITY012","City":"Plano","Category-ID":"CAT005","Category":"Asistencia para el empleo","Address":"520 Central Parkway E, Suite 200, Plano, Tx 75074","Website":"https://www.twc.texas.gov/news/job-seekers-resources","Email":"","Phone":"214-365-2800","Phone2":"","Phone3":"","Zip Code":75074,"Description":""},{"Agency Name":"El lugar de la familia","City-ID":"CITY004","City":"Dallas","Category-ID":"CAT004","Category":"Violencia doméstica","Address":"7424 Greenville Avenue, Suite 202, Dallas, Tx 75231","Website":"https://familyplace.org/resource/how-we-can-help","Email":"","Phone":"24 hr. Crisis Hotline: 214-941-1991","Phone2":"214-559-2170","Phone3":"","Zip Code":75231,"Description":""},{"Agency Name":"El almacén del condado de Collin","City-ID":"CITY012","City":"Plano","Category-ID":"CAT008","Category":"Alimento","Address":"1401 Mira Vista Blvd, Plano,Tx 75093","Website":"www.thestorehousecc.org","Email":"info@thestorehousecc.org","Phone":"469-385-1813","Phone2":"","Phone3":"","Zip Code":75093,"Description":""},{"Agency Name":"Departamento de Vivienda y Desarrollo Urbano de los Estados Unidos (HUD)","City-ID":"CITY005","City":"Fort Worth","Category-ID":"CAT012","Category":"Vivienda y servicios públicos","Address":"307 W. 7th Street, Suite 1000, Fort Worth, Tx 76102","Website":"www.hud.gov","Email":"TX_webmanager@hud.gov","Phone":"817-978-5600","Phone2":"1-202-708-1112","Phone3":"","Zip Code":76102,"Description":""},{"Agency Name":"Gobierno de EE. UU.","City-ID":"CITY015","City":"Washington, D.C.","Category-ID":"CAT012","Category":"Vivienda y servicios públicos","Address":"No business address listed ","Website":"www.usa.gov/help-with-bills","Email":"","Phone":"1-844-872-4681","Phone2":"512-463-2000","Phone3":"","Zip Code":"78711-2428","Description":""},{"Agency Name":"Centro de Bienestar para Adultos Mayores","City-ID":"CITY012","City":"Plano","Category-ID":"CAT015","Category":"Asistencia médica y dental","Address":"401 W 16th Street, Suite 600, Plano, Tx 75075","Website":"https://www.wellnesscenteronline.org","Email":"","Phone":"972-953-7669","Phone2":"","Phone3":"","Zip Code":"","Description":""},{"Agency Name":"WIC - Programa de Nutrición para Mujeres, Bebés y Niños - Oficina de Plano","City-ID":"CITY012","City":"Plano","Category-ID":"CAT008","Category":"Alimento","Address":"900 E Park Blvd, Suite 165, Plano, Tx 75074","Website":"https://www.collincountytx.gov/Services/Health-Care-Services/wic-program","Email":"planowic@co.collin.tx.us","Phone":"972-548-5500","Phone2":"","Phone3":"","Zip Code":75074,"Description":""},{"Agency Name":"Soluciones de fuerza laboral para el centro-norte de Texas","City-ID":"CITY012","City":"Plano","Category-ID":"CAT005","Category":"Asistencia para el empleo","Address":"1101 Resource Drive, Suite 100, Plano, Tx 75074","Website":"www.dfwjobs.com","Email":"planoworkforce@dfwjobs.com","Phone":"469-229-0099","Phone2":"","Phone3":"","Zip Code":75074,"Description":""}],"filters":[{"City-ID":"CITY001","City":"Allen","Category-ID":"CAT001","Category":"Abuso infantil"},{"City-ID":"CITY002","City":"Austin","Category-ID":"CAT002","Category":"Ropa"},{"City-ID":"CITY003","City":"Berkeley","Category-ID":"CAT003","Category":"Recursos de asesoramiento"},{"City-ID":"CITY004","City":"Dallas","Category-ID":"CAT004","Category":"Violencia doméstica"},{"City-ID":"CITY005","City":"Fort Worth","Category-ID":"CAT005","Category":"Asistencia para el empleo"},{"City-ID":"CITY006","City":"Frisco","Category-ID":"CAT006","Category":"Clases de inglés como segundo idioma"},{"City-ID":"CITY007","City":"Houston","Category-ID":"CAT007","Category":"Servicios financieros y legales"},{"City-ID":"CITY008","City":"Lewisville","Category-ID":"CAT008","Category":"Alimento"},{"City-ID":"CITY009","City":"Olmo pequeño","Category-ID":"CAT009","Category":"Muebles, camas y artículos para el hogar."},{"City-ID":"CITY010","City":"McKinney","Category-ID":"CAT010","Category":"Clases de GED"},{"City-ID":"CITY011","City":"Ciudad de Nueva York","Category-ID":"CAT011","Category":"Sin hogar"},{"City-ID":"CITY012","City":"Plano","Category-ID":"CAT012","Category":"Vivienda y servicios públicos"},{"City-ID":"CITY013","City":"Prosperar","Category-ID":"CAT013","Category":"Productos de higiene"},{"City-ID":"CITY014","City":"Seattle","Category-ID":"CAT014","Category":"Alfabetismo"},{"City-ID":"CITY015","City":"Washington, D.C.","Category-ID":"CAT015","Category":"Asistencia médica y dental"},{"City-ID":"CITY016","City":"Winter Springs, Florida","Category-ID":"CAT016","Category":"Otro"},{"City-ID":"","City":"","Category-ID":"CAT017","Category":"Refugios"}]}}