{"status":200,"meta":{"lang_requested":"en","lang_served":"en","source_lang":"en","generated_at":"2026-02-28T16:07:21.692Z","filtersTitles":{"city":"City","category":"Resource Category"}},"data":{"programs":[{"Agency Name":"Agape Resource & Assistance Center for Women, Moms, & Children","City-ID":"CITY012","City":"Plano","Category-ID":"CAT004","Category":"Domestic Violence","Address":"No business address listed ","Website":"www.hope4agape.org","Email":"info@hope4agape.org","Phone":"469-814.-0453","Phone2":"","Phone3":"","Zip Code":75086,"Description":""},{"Agency Name":"Allen Community Outreach","City-ID":"CITY001","City":"Allen","Category-ID":"CAT009","Category":"Furniture, beds, and household goods","Address":"801 E Main Street, Allen, Tx 75002","Website":"https://www.acocares.org/get-involved/resale-shops/","Email":"","Phone":"972-727-9131","Phone2":"","Phone3":"","Zip Code":75002,"Description":""},{"Agency Name":"Allen Community Outreach","City-ID":"CITY001","City":"Allen","Category-ID":"CAT015","Category":"Medical & Dental assistance","Address":"801 E Main Street, Allen, Tx 75002","Website":"https://www.acocares.org","Email":"","Phone":"972-727-9131","Phone2":"","Phone3":"","Zip Code":75002,"Description":""},{"Agency Name":"Assistance Center of Collin County","City-ID":"CITY012","City":"Plano","Category-ID":"CAT007","Category":"Financial and Legal Services","Address":"900 East 18th Street, Plano, Tx 75074","Website":"https://assistancecenter.org","Email":"","Phone":"972-422-1125","Phone2":"","Phone3":"","Zip Code":75074,"Description":""},{"Agency Name":"Assistance Center of Collin County","City-ID":"CITY012","City":"Plano","Category-ID":"CAT012","Category":"Housing & Utilities","Address":"900 18th Street, Plano,Tx 75074","Website":"www.assistancecenter.org","Email":"","Phone":"972-422-1125","Phone2":"972-422-1850","Phone3":"","Zip Code":75074,"Description":""},{"Agency Name":"Assisted Living","City-ID":"CITY014","City":"Seattle","Category-ID":"CAT012","Category":"Housing & Utilities","Address":"P.O. Box 45829, Seattle, WA 98145-0826","Website":"www.assistedliving.org/texas/","Email":"www.assistedliving.org/about-us/#contact","Phone":"855-221-9611","Phone2":"","Phone3":"","Zip Code":"98145-0826","Description":""},{"Agency Name":"Bed Start, Inc.","City-ID":"CITY012","City":"Plano","Category-ID":"CAT009","Category":"Furniture, beds, and household goods","Address":"6701 Mossberg Drive, Plano, Tx 75023","Website":"www.bedstart.org","Email":"director@bedstart.org","Phone":"","Phone2":"","Phone3":"","Zip Code":75023,"Description":""},{"Agency Name":"Blake's House","City-ID":"CITY012","City":"Plano","Category-ID":"CAT017","Category":"Shelters","Address":"Address is kept private","Website":"www.blakeshouse.org","Email":"info@blakeshouse.org","Phone":"214-724-1598","Phone2":"972-358-4732","Phone3":"","Zip Code":"unknown","Description":""},{"Agency Name":"Catholic Charities","City-ID":"CITY006","City":"Frisco","Category-ID":"CAT012","Category":"Housing & Utilities","Address":"8000 Eldorado Parkway, Frisco,Tx 75033","Website":"https://www.svdpfrisco.org/request-assistance","Email":"","Phone":"469-305-0391","Phone2":"","Phone3":"","Zip Code":75033,"Description":""},{"Agency Name":"Cerebral Palsy Guide ","City-ID":"CITY016","City":"Winter Springs, Florida","Category-ID":"CAT016","Category":"Other","Address":"1073 Willa Springs Drive, Suite 2005, Winter Springs, Florida, 32708","Website":"www.cerebralpalsyguide.com","Email":"contact@cerebralpalsyguide.com","Phone":"855-220-1101","Phone2":"866-779-4630","Phone3":"","Zip Code":32708,"Description":""},{"Agency Name":"Children’s Advocacy Center of Collin County","City-ID":"CITY012","City":"Plano","Category-ID":"CAT001","Category":"Child Abuse","Address":"2205 Los Rios Blvd, Plano, Tx 75074","Website":"https://www.caccollincounty.org/","Email":"eduarte@caccollincounty.org","Phone":"972-633-6600","Phone2":"","Phone3":"","Zip Code":75074,"Description":""},{"Agency Name":"Christian Benevolent Church / Outreach","City-ID":"CITY012","City":"Plano","Category-ID":"CAT008","Category":"Food","Address":"1804 P Avenue, Plano, Tx 75074","Website":"www.willowcreekfellowship.org/foodpantry.html","Email":"","Phone":"972-890-5285","Phone2":"","Phone3":"","Zip Code":75074,"Description":""},{"Agency Name":"Christian Food Pantry","City-ID":"CITY012","City":"Plano","Category-ID":"CAT008","Category":"Food","Address":"1116 Dobie Drive, Plano, Tx75074","Website":"www.achristianfoodpantry.org","Email":"","Phone":"972-578-5730","Phone2":"","Phone3":"","Zip Code":75074,"Description":""},{"Agency Name":"City House Homeless Shelter Children and Teens","City-ID":"CITY012","City":"Plano","Category-ID":"CAT017","Category":"Shelters","Address":"830 Central Parkway, Suite 350, Plano,Tx 75074","Website":"www.cityhouse.org","Email":"","Phone":"972-424-4626","Phone2":"972-971-0278","Phone3":"","Zip Code":75074,"Description":""},{"Agency Name":"Collin College","City-ID":"CITY010","City":"McKinney","Category-ID":"CAT006","Category":"ESL classes","Address":"3452 Spur 399","Website":"www.collin.edu/department/esl","Email":"","Phone":"972-985-3750","Phone2":"","Phone3":"","Zip Code":75069,"Description":"Classes at different times and locations in Frisco, Plano, McKinney, Wylie, & Farmersville."},{"Agency Name":"Collin College","City-ID":"","City":"","Category-ID":"CAT010","Category":"GED Classes","Address":"","Website":"https://www.collin.edu/ce/classes/ged.html","Email":"CEInfo@collin.edu","Phone":"972-985-3750","Phone2":"","Phone3":"","Zip Code":"","Description":"Collin College's GED test prep course prepares students to in each of the four GED subject exams: mathematical reasoning, reasoning through language arts, social studies, and science."},{"Agency Name":"Collin County Adult Literacy Council","City-ID":"CITY010","City":"McKinney","Category-ID":"CAT014","Category":"Literacy","Address":"No business address listed ","Website":"https://volunteermckinney.galaxydigital.com/agency/detail/?agency_id=8531","Email":"collincountyadultliteracy@gmail.com","Phone":"469-422-4350","Phone2":"","Phone3":"","Zip Code":"","Description":""},{"Agency Name":"Collin County Healthcare Services - McKinney Location","City-ID":"CITY010","City":"McKinney","Category-ID":"CAT015","Category":"Medical & Dental assistance","Address":"825 N McDonald Street, Suite 130, McKinney, Tx 75069","Website":"https://www.collincountytx.gov/Services/Health-Care-Services","Email":"mckinneywic@co.collin.tx.us","Phone":"972-548-5500","Phone2":"","Phone3":"","Zip Code":75069,"Description":""},{"Agency Name":"Collin County Healthcare Services - Plano Location","City-ID":"CITY012","City":"Plano","Category-ID":"CAT015","Category":"Medical & Dental assistance","Address":"900 E Park Blvd, Suite 165, Plano, Tx 75074","Website":"https://www.wicprograms.org/ci/tx-plano","Email":"planowic@co.collin.tx.us","Phone":"972.633.3350","Phone2":"","Phone3":"","Zip Code":75074,"Description":""},{"Agency Name":"Community Food Pantry of McKinney","City-ID":"CITY010","City":"McKinney","Category-ID":"CAT008","Category":"Food","Address":"307 Smith Street, McKinney, Tx 75069","Website":"www.community-foodpantry.org","Email":"info@community-foodpantry.org","Phone":"972-547-4404","Phone2":"","Phone3":"","Zip Code":75069,"Description":""},{"Agency Name":"Community Garden Kitchen","City-ID":"CITY010","City":"McKinney","Category-ID":"CAT008","Category":"Food","Address":"501 Howard Street, McKinney Tx 75069","Website":"www.communitygardenkitchen.org","Email":"micheleburke@communitygardenkitchen.org","Phone":"214-592-7334","Phone2":"","Phone3":"","Zip Code":"","Description":"Serves free meals to anyone in need, no ID or paperwork required. Open Monday - Thurs. 6:00pm - 8:00pm. Closed on holidays."},{"Agency Name":"Cornerstone Assistance Network of North Central Texas","City-ID":"CITY013","City":"Prosper","Category-ID":"CAT002","Category":"Clothing","Address":"304 W First Street, Prosper, Tx 75078","Website":"www.cornerstonenct.org","Email":"","Phone":"972-689-9115","Phone2":"","Phone3":"","Zip Code":75078,"Description":""},{"Agency Name":"Disability and Disaster Relief Partnership","City-ID":"CITY003","City":"Berkeley","Category-ID":"CAT015","Category":"Medical & Dental assistance","Address":"3075 Adeline Street, Suite 155, Berkeley, CA 94703","Website":"https://wid.org/","Email":"wid@wid.org","Phone":"510-225-6400","Phone2":"510-225-0477","Phone3":"","Zip Code":94703,"Description":""},{"Agency Name":"Dress for Success-Dallas","City-ID":"CITY004","City":"Dallas","Category-ID":"CAT002","Category":"Clothing","Address":"5580 Peterson Lane, Suite 155, Dallas, Tx 75240","Website":"https://dallas.dressforsuccess.org/","Email":"","Phone":"972-392-9770","Phone2":"","Phone3":"","Zip Code":"","Description":""},{"Agency Name":"Dress for Success-Dallas","City-ID":"CITY004","City":"Dallas","Category-ID":"CAT005","Category":"Employment assistance","Address":"5580 Peterson Lane, Suite 155, Dallas, Tx 75240","Website":"https://dallas.dressforsuccess.org/","Email":"","Phone":"972-392-9770","Phone2":"","Phone3":"","Zip Code":"","Description":""},{"Agency Name":"Embrace- Foster & Adoptive Support","City-ID":"CITY010","City":"McKinney","Category-ID":"CAT016","Category":"Other","Address":"703 S. Tennessee Street, McKinney, Tx 75069","Website":"www.embracetexas.org","Email":"info@embracetexas.org","Phone":"469-617-3174","Phone2":"","Phone3":"","Zip Code":"","Description":""},{"Agency Name":"Family Compass","City-ID":"CITY012","City":"Plano","Category-ID":"CAT001","Category":"Child Abuse","Address":"2205 Los Rios Blvd, Plano, Tx 75074","Website":"www.family-compass.org","Email":"","Phone":"972-633-6726","Phone2":"","Phone3":"","Zip Code":75074,"Description":""},{"Agency Name":"Family Health Center On Virginia ","City-ID":"CITY010","City":"McKinney","Category-ID":"CAT015","Category":"Medical & Dental assistance","Address":"1620 W. Virginia, McKinney, Tx 75069","Website":"www.fhcntx.org","Email":"info@fhcntx.org","Phone":"214-618-5600","Phone2":"","Phone3":"","Zip Code":75069,"Description":""},{"Agency Name":"Family Promise of Collin County ","City-ID":"CITY001","City":"Allen","Category-ID":"CAT017","Category":"Shelters","Address":"P.O. Box 1601, Allen, Tx 75013","Website":"www.familypromiseofcollincounty.org","Email":"supportservices@familypromiseofcollincounty.org","Phone":"972-442-6966","Phone2":"","Phone3":"","Zip Code":"","Description":""},{"Agency Name":"Frisco Baptist Church - Frisco ","City-ID":"CITY006","City":"Frisco","Category-ID":"CAT006","Category":"ESL classes","Address":"7901 Main Street, Frisco, Tx 75034","Website":"www.friscofirst.church ","Email":"info@friscofirst.church","Phone":"972-335-9830","Phone2":"","Phone3":"","Zip Code":"","Description":"Offers free ESOL classes for adults (free childcare) on Wednesdays at 6:30 pm . Please call for more details. "},{"Agency Name":"First Baptist Church Plano","City-ID":"CITY012","City":"Plano","Category-ID":"CAT002","Category":"Clothing","Address":"3665 W President George Bush Hwy, Plano, Tx 75075","Website":"www.fbcplano.org","Email":"fbc@fbcplano.org","Phone":"972-424-8551","Phone2":"","Phone3":"","Zip Code":75075,"Description":""},{"Agency Name":"Frisco Family Services","City-ID":"CITY006","City":"Frisco","Category-ID":"CAT008","Category":"Food","Address":"9125 Dogwood Street, Suite 100, Frisco, Tx 75034","Website":"www.friscofamilyservices.org","Email":"","Phone":"972-335-9495","Phone2":"","Phone3":"","Zip Code":75034,"Description":""},{"Agency Name":"Frisco Family Services","City-ID":"CITY006","City":"Frisco","Category-ID":"CAT009","Category":"Furniture, beds, and household goods","Address":"9125 Dogwood Street, Suite 100, Frisco, Tx 75034","Website":"www.friscofamilyservices.org","Email":"","Phone":"972-335-9495","Phone2":"","Phone3":"","Zip Code":75034,"Description":""},{"Agency Name":"Frisco Family Services ","City-ID":"CITY006","City":"Frisco","Category-ID":"CAT012","Category":"Housing & Utilities","Address":"9125 Dogwood Street, Suite 100, Frisco, Tx 75034","Website":"www.texvet.org/resources/frisco-family-services-food-pantry-emergency-funds","Email":"","Phone":"972-335-9495","Phone2":"","Phone3":"","Zip Code":75034,"Description":""},{"Agency Name":"Frisco Family Services / Frisco Resale","City-ID":"CITY006","City":"Frisco","Category-ID":"CAT002","Category":"Clothing","Address":"9125 Dogwood Street, Suite 100, Frisco, Tx 75034","Website":"www.friscofamilyservices.org","Email":"","Phone":"972-335-9495","Phone2":"972-712-7833","Phone3":"","Zip Code":75033,"Description":""},{"Agency Name":"Frisco Fastpacs","City-ID":"CITY006","City":"Frisco","Category-ID":"CAT008","Category":"Food","Address":"124 Rose Lane, Suite 603, Frisco, Tx 75034","Website":"www.friscofastpacs.org","Email":"info@friscofastpacs.org","Phone":"469-731-5040","Phone2":"","Phone3":"","Zip Code":75034,"Description":""},{"Agency Name":"Frisco Housing Authority","City-ID":"CITY006","City":"Frisco","Category-ID":"CAT012","Category":"Housing & Utilities","Address":"9400 3rd Street, Suite 405, Frisco, Tx 75033","Website":"www.friscoha.org","Email":"info@friscoha.org","Phone":"972-377-3031","Phone2":"","Phone3":"","Zip Code":75033,"Description":""},{"Agency Name":"Frisco ISD","City-ID":"CITY006","City":"Frisco","Category-ID":"CAT006","Category":"ESL classes","Address":"5515 Ohio Drive, Frisco, Tx 75035","Website":"www.friscoisd.org/departments/bilingual-education-esl-programs/parent-resources","Email":"daddia@friscoisd.org","Phone":"469-633-6886","Phone2":"469-633-6841","Phone3":"","Zip Code":75035,"Description":""},{"Agency Name":"Frisco ISD - Christine Baughman, District Homeless Liaison","City-ID":"CITY006","City":"Frisco","Category-ID":"CAT011","Category":"Homeless","Address":"5515 Ohio Drive, Frisco, Tx 75034","Website":"https://www.friscoisd.org/departments/guidance-and-counseling/counseling-resources/homeless-resources","Email":"baughmac@friscoisd.org","Phone":"469-633-6587","Phone2":"","Phone3":"","Zip Code":75034,"Description":""},{"Agency Name":"Frisco ISD - Nutrition Department","City-ID":"CITY006","City":"Frisco","Category-ID":"CAT008","Category":"Food","Address":"12050 Rolater Road, Frisco, Tx 75035","Website":"https://www.friscoisd.org/departments/child-nutrition/home","Email":"friscocafe@friscoisd.org","Phone":"469-633-6980","Phone2":"","Phone3":"","Zip Code":75035,"Description":""},{"Agency Name":"Frisco Public Library","City-ID":"CITY006","City":"Frisco","Category-ID":"CAT006","Category":"ESL classes","Address":"6101 Frisco Square Blvd.","Website":"www.friscolibrary.com/esl","Email":"","Phone":"972-292-5669","Phone2":"","Phone3":"","Zip Code":75034,"Description":""},{"Agency Name":"Frisco Threads Student Clothes Closet","City-ID":"CITY006","City":"Frisco","Category-ID":"CAT002","Category":"Clothing","Address":"7159 Hickory St. Frisco, Tx 75034","Website":"friscopta.org/frisco-threads","Email":"friscothreads@friscopta.org","Phone":"","Phone2":"","Phone3":"","Zip Code":75034,"Description":"The clothes closet benefits FISD students"},{"Agency Name":"God's Food Pantry","City-ID":"CITY012","City":"Plano","Category-ID":"CAT008","Category":"Food","Address":"3420 14th Street, Suite 101, Plano, Tx 75074","Website":"www.godspantryplano.org","Email":"gods_pantry2014@yahoo.com","Phone":"972-633-9777","Phone2":"","Phone3":"","Zip Code":75074,"Description":""},{"Agency Name":"Goodwill Industries","City-ID":"CITY006","City":"Frisco","Category-ID":"CAT002","Category":"Clothing","Address":"3939 Ohio Drive, Frisco, Tx 75035","Website":"https://goodwilldallas.org/our-stores/","Email":"","Phone":"214-436-4110","Phone2":"214-638-2800","Phone3":"","Zip Code":75035,"Description":""},{"Agency Name":"Goodwill Store of Frisco","City-ID":"CITY006","City":"Frisco","Category-ID":"CAT009","Category":"Furniture, beds, and household goods","Address":"3939 Ohio Drive, Frisco, Tx 75035","Website":"https://goodwilldallas.org/our-stores/","Email":"","Phone":"214-436-4110","Phone2":"214-638-2800","Phone3":"","Zip Code":75035,"Description":""},{"Agency Name":"Gracebridge Resale","City-ID":"CITY006","City":"Frisco","Category-ID":"CAT002","Category":"Clothing","Address":"9380 Prestonmont Place, Frisco, Tx 75035","Website":"www.gracebridgeresale.com","Email":"","Phone":"972.961-1810","Phone2":"469-808-9084","Phone3":"","Zip Code":75035,"Description":""},{"Agency Name":"Gracebridge Resale","City-ID":"CITY006","City":"Frisco","Category-ID":"CAT009","Category":"Furniture, beds, and household goods","Address":"9380 Prestonmont Place, Frisco, Tx 75034","Website":"www.gracebridgeresale.com","Email":"","Phone":"972-961-1810","Phone2":"469-808-9084","Phone3":"","Zip Code":75035,"Description":""},{"Agency Name":"Grand Love - Grandparents raising grandkids support group","City-ID":"CITY013","City":"Prosper","Category-ID":"CAT016","Category":"Other","Address":"2521 Wildflower Way, Prosper, Tx 75078","Website":"www.grand-love.com","Email":"info.grandlove@gmail.com","Phone":"469-271-7100","Phone2":"","Phone3":"","Zip Code":75078,"Description":""},{"Agency Name":"Health Services of North Texas ","City-ID":"CITY012","City":"Plano","Category-ID":"CAT015","Category":"Medical & Dental assistance","Address":"5501 N Independence Parkway, Suite 110, Plano, Tx 75023","Website":"www.healthservicesntx.org/","Email":"","Phone":"972-381-1501","Phone2":"","Phone3":"","Zip Code":75023,"Description":""},{"Agency Name":"Hope Clinic of McKinney","City-ID":"CITY010","City":"McKinney","Category-ID":"CAT015","Category":"Medical & Dental assistance","Address":"103 E Lamar Street, McKinney, Tx 75069","Website":"","Email":"info@hopeclinicmckinney.org","Phone":"469-712-4246","Phone2":"","Phone3":"","Zip Code":75069,"Description":""},{"Agency Name":"Hope Housing Foundation ","City-ID":"CITY010","City":"McKinney","Category-ID":"CAT012","Category":"Housing & Utilities","Address":"3900 S Stonebridge Drive, Suite 302, McKinney, Tx 75070","Website":"","Email":"support@hopehousingfoundation.com","Phone":"214-842-8075","Phone2":"","Phone3":"","Zip Code":75070,"Description":""},{"Agency Name":"Hope’s Door Resale Store","City-ID":"CITY012","City":"Plano","Category-ID":"CAT002","Category":"Clothing","Address":"2129 Parker Road, Suite 300, Plano, Tx 75023","Website":"www.hdnbc.org","Email":"","Phone":"972-769-0610","Phone2":"","Phone3":"","Zip Code":75023,"Description":""},{"Agency Name":"Housing Authority / Plano ","City-ID":"CITY012","City":"Plano","Category-ID":"CAT012","Category":"Housing & Utilities","Address":"1740 G Avenue, Plano, Tx 75074","Website":"www.planoha.org","Email":"","Phone":"972-423-4928","Phone2":"","Phone3":"","Zip Code":75074,"Description":""},{"Agency Name":"Islamic Center of Frisco","City-ID":"CITY006","City":"Frisco","Category-ID":"CAT017","Category":"Shelters","Address":"11137 Frisco St., Frisco, TX 75033","Website":"https://friscomasjid.org/services/community-assistance-program","Email":"contact@friscomasjid.org","Phone":"469-252-4532","Phone2":"","Phone3":"","Zip Code":75033,"Description":""},{"Agency Name":"Jewish Family Service of Greater Dallas","City-ID":"CITY004","City":"Dallas","Category-ID":"CAT012","Category":"Housing & Utilities","Address":"5402 Arapaho Road, Dallas, Tx 75248","Website":"https://jfsdallas.org/services","Email":"info@jfsdallas.org","Phone":"972-437-9950","Phone2":"","Phone3":"","Zip Code":75248,"Description":""},{"Agency Name":"Journey to Dream ","City-ID":"CITY008","City":"Lewisville","Category-ID":"CAT011","Category":"Homeless","Address":"579 N Valley Parkway, Suite 200, Lewisville,Tx 75067","Website":"www.journeytodream.com","Email":"info@journeytodream.com","Phone":"469-470-2382","Phone2":"","Phone3":"","Zip Code":75067,"Description":""},{"Agency Name":"Little Elm Area Food Bank","City-ID":"CITY009","City":"Little Elm","Category-ID":"CAT008","Category":"Food","Address":"501 Bill Street, Little Elm, Tx 75068","Website":"www.leafb.org","Email":"","Phone":"972-294-4061","Phone2":"","Phone3":"","Zip Code":75068,"Description":""},{"Agency Name":"Lone Star Legal Aid","City-ID":"CITY007","City":"Houston","Category-ID":"CAT007","Category":"Financial and Legal Services","Address":"500 Jefferson Street, Houston, Tx 77002","Website":"lonestarlegal.blog","Email":"","Phone":"1-800-733-8394","Phone2":"713-652-0077","Phone3":"","Zip Code":"77001-0398","Description":""},{"Agency Name":"Lovepacs","City-ID":"CITY006","City":"Frisco","Category-ID":"CAT008","Category":"Food","Address":"122 Rose Lane, Suite J2, Frisco, Tx 75036","Website":"www.lovepacs.org","Email":"frisco@lovepacs.org","Phone":"469-766-9128","Phone2":"","Phone3":"","Zip Code":75036,"Description":""},{"Agency Name":"McKinney Corps Food Pantry- Salvation Army","City-ID":"CITY010","City":"McKinney","Category-ID":"CAT008","Category":"Food","Address":"600 Wilson Creek Pkwy, McKinney, Tx 75069","Website":"https://salvationarmyntx.org/north-texas/mckinney/","Email":"","Phone":"972-562-6996","Phone2":"","Phone3":"","Zip Code":75069,"Description":""},{"Agency Name":"McKinney Housing Authority ","City-ID":"CITY010","City":"McKinney","Category-ID":"CAT012","Category":"Housing & Utilities","Address":"603 N Tennessee Street, McKinney, Tx 75069","Website":"http://mckinneyha.org","Email":"info@mckinneyha.org","Phone":"972-542-5641","Phone2":"","Phone3":"","Zip Code":75069,"Description":""},{"Agency Name":"Meals on Wheels Collin County","City-ID":"CITY010","City":"McKinney","Category-ID":"CAT008","Category":"Food","Address":"600 N Tennessee Street, McKinney, Tx 75069","Website":"www.mealsonwheelscc.org/#","Email":"frontdesk@mealsonwheelscc.org","Phone":"972-562-0253","Phone2":"","Phone3":"","Zip Code":"","Description":""},{"Agency Name":"Minnie's Food Pantry ","City-ID":"CITY012","City":"Plano","Category-ID":"CAT008","Category":"Food","Address":"661 18th Street, Plano, Tx 75074","Website":"www.minniesfoodpantry.org","Email":"info@minniesfoodpantry.org","Phone":"972-596-0253","Phone2":"","Phone3":"","Zip Code":75074,"Description":""},{"Agency Name":"Modest Needs","City-ID":"CITY011","City":"New York City","Category-ID":"CAT007","Category":"Financial and Legal Services","Address":"33 Irving Place, FL 5, New York, New York 10003","Website":"https://www.modestneeds.org/about-us/","Email":"doiqualify@modestneeds.org","Phone":"1-844-667-3776","Phone2":"","Phone3":"","Zip Code":10003,"Description":""},{"Agency Name":"Plano Community Home / East Campus","City-ID":"CITY012","City":"Plano","Category-ID":"CAT012","Category":"Housing & Utilities","Address":"1612 Ave L, Plano, Tx 75074","Website":"www.planocommunityhome.org","Email":"","Phone":"972-423-6058","Phone2":"","Phone3":"","Zip Code":75074,"Description":""},{"Agency Name":"Plano Community Home / Pioneer Place Senior Housing","City-ID":"CITY012","City":"Plano","Category-ID":"CAT012","Category":"Housing & Utilities","Address":"1928 Ave K, Plano, Tx 75074","Website":"www.planocommunityhome.org","Email":"","Phone":"972-424-9800","Phone2":"","Phone3":"","Zip Code":75074,"Description":""},{"Agency Name":"Plano Community Home / West Campus","City-ID":"CITY012","City":"Plano","Category-ID":"CAT012","Category":"Housing & Utilities","Address":"1608 Ave L, Plano, Tx 75074","Website":"www.planocommunityhome.org","Email":"","Phone":"972-423-6058","Phone2":"","Phone3":"","Zip Code":75074,"Description":""},{"Agency Name":"Plano Corps Community Center Food Pantry - Salvation Army","City-ID":"CITY012","City":"Plano","Category-ID":"CAT008","Category":"Food","Address":"3528 14th Street, Plano, Tx 75074","Website":"https://salvationarmyntx.org/north-texas/alleviate-hunger","Email":"","Phone":"972-423-8254","Phone2":"","Phone3":"","Zip Code":"","Description":""},{"Agency Name":"Plano Food Pantry - Holy Nativity Episcopal Church","City-ID":"CITY012","City":"Plano","Category-ID":"CAT008","Category":"Food","Address":"2200 18th Street, Plano, Tx 75074","Website":"holynativity.org/food-pantry/","Email":"info@holynativity.org","Phone":"972-422-1850","Phone2":"","Phone3":"","Zip Code":75074,"Description":""},{"Agency Name":"Plano Housing Authority","City-ID":"CITY012","City":"Plano","Category-ID":"CAT012","Category":"Housing & Utilities","Address":"1740 Ave G,  Plano, Tx 75074","Website":"www.planoha.org","Email":"","Phone":"972-423-4928 ","Phone2":"","Phone3":"","Zip Code":75074,"Description":""},{"Agency Name":"Plano Housing Rehabilitation Program","City-ID":"CITY012","City":"Plano","Category-ID":"CAT012","Category":"Housing & Utilities","Address":"777 E. 15th Street, Plano, Tx 75074","Website":"https://www.plano.gov/903/First-Time-Homebuyers-Program","Email":"shanette@plano.gov","Phone":"972-208-8150","Phone2":"","Phone3":"","Zip Code":75074,"Description":""},{"Agency Name":"Plano Overnight Warming Station (POWS)","City-ID":"CITY012","City":"Plano","Category-ID":"CAT012","Category":"Housing & Utilities","Address":"3528 14th Street, Plano,Tx 75074","Website":"https://www.justserve.org/planoovernightwarmingstation","Email":"","Phone":"214-709-3301","Phone2":"","Phone3":"","Zip Code":"75074-7012","Description":""},{"Agency Name":"Plaza at Chase Oaks","City-ID":"CITY012","City":"Plano","Category-ID":"CAT012","Category":"Housing & Utilities","Address":"7100 Chase Oaks Blvd, Plano, Tx 75025","Website":"www.plazaatchaseoaks.com","Email":"","Phone":"469-721-6752","Phone2":"","Phone3":"","Zip Code":75025,"Description":""},{"Agency Name":"Prestonwood Baptist Church ","City-ID":"CITY012","City":"Plano","Category-ID":"CAT008","Category":"Food","Address":"6801 W. Park Blvd, Plano, Tx 75093","Website":"www.prestonwood.org","Email":"info@prestonwood.org","Phone":"972-820-5030","Phone2":"","Phone3":"","Zip Code":75093,"Description":""},{"Agency Name":"Primary Care Clinic of North Texas","City-ID":"CITY012","City":"Plano","Category-ID":"CAT015","Category":"Medical & Dental assistance","Address":"3900 American Drive, Suite 201, Plano, Tx 75075","Website":"https://www.primarycareclinic.org","Email":"","Phone":"972-596-6005","Phone2":"","Phone3":"","Zip Code":75075,"Description":""},{"Agency Name":"Psychology Today","City-ID":"","City":"","Category-ID":"CAT003","Category":"Counseling Resources","Address":"","Website":"https://www.psychologytoday.com/us/therapists","Email":"","Phone":"","Phone2":"","Phone3":"","Zip Code":"","Description":"Psychology Today is a resource where families and individuals can find a therapist, psychiatrist, treatment facility, or support groups.  One can also search by specialty area, insurance, or cost."},{"Agency Name":"Refresh NTX","City-ID":"CITY006","City":"Frisco","Category-ID":"CAT013","Category":"Hygiene Products","Address":"124 Rose Lane Unit 405 (Entrance 2), Frisco, Tx 75036","Website":"www.RefreshNTX.org","Email":"Info@refreshntx.org ","Phone":"469-269-6966","Phone2":"","Phone3":"","Zip Code":"","Description":""},{"Agency Name":"Salvation Army - Plano ","City-ID":"CITY012","City":"Plano","Category-ID":"CAT012","Category":"Housing & Utilities","Address":"3528 14th Street, Plano, Tx 75074","Website":"https://salvationarmyntx.org/north-texas/locations","Email":"","Phone":"972-423-8254","Phone2":"","Phone3":"","Zip Code":75074,"Description":""},{"Agency Name":"Salvation Army-North Texas Area Command","City-ID":"CITY004","City":"Dallas","Category-ID":"CAT017","Category":"Shelters","Address":"9216 Harry Hines Blvd, Suite 800, Dallas, Tx 75247","Website":"www.salvationarmydfw.org","Email":"","Phone":"214-637-8100","Phone2":"","Phone3":"","Zip Code":75247,"Description":""},{"Agency Name":"Samaritan Inn","City-ID":"CITY010","City":"McKinney","Category-ID":"CAT012","Category":"Housing & Utilities","Address":"1514 N McDonald Street, McKinney, Tx 75071","Website":"https://www.saminn.org","Email":"info@saminn.org","Phone":"972-542-5302","Phone2":"","Phone3":"","Zip Code":75071,"Description":""},{"Agency Name":"Samaritan Inn","City-ID":"CITY010","City":"McKinney","Category-ID":"CAT017","Category":"Shelters","Address":"1514 N McDonald Street, McKinney, Tx 75071","Website":"www.saminn.org","Email":"","Phone":"972-542-5302","Phone2":"","Phone3":"","Zip Code":75071,"Description":""},{"Agency Name":"Shared Housing Center","City-ID":"CITY004","City":"Dallas","Category-ID":"CAT017","Category":"Shelters","Address":"402 N Good Latimer Expressway, Dallas, Tx 75204","Website":"www.sharedhousing.org","Email":"info@sharedhousing.org","Phone":"214-821-8510","Phone2":"","Phone3":"","Zip Code":75204,"Description":""},{"Agency Name":"St. Vincent de Paul","City-ID":"CITY012","City":"Plano","Category-ID":"CAT002","Category":"Clothing","Address":"3305 N Central Expy, Suite 280, Plano, Tx 75023","Website":"www.svdpdallas.org/shop/","Email":"helpme@svdpdallas.org","Phone":"214-373-7837","Phone2":"","Phone3":"","Zip Code":75023,"Description":""},{"Agency Name":"Texas Education Agency","City-ID":"","City":"","Category-ID":"CAT010","Category":"GED Classes","Address":"","Website":"https://tea.texas.gov/student-assessment/certificate-of-high-school-equivalency/ged-preparation-resources","Email":"","Phone":"1-800-441-7323","Phone2":"","Phone3":"","Zip Code":"","Description":""},{"Agency Name":"Texas Education for Homeless Children and Youth","City-ID":"CITY002","City":"Austin","Category-ID":"CAT011","Category":"Homeless","Address":"1701 N Congress Avenue, Austin, Tx 78701","Website":"https://tea.texas.gov/texas-schools/support-for-at-risk-schools-and-students/texas-education-for-homeless-children-and-youth-tehcy-program","Email":"homelesseducation@tea.texas.gov","Phone":"512-463-9017","Phone2":"512-463-9734","Phone3":"","Zip Code":78701,"Description":""},{"Agency Name":"Texas Muslim Women's Foundation","City-ID":"CITY012","City":"Plano","Category-ID":"CAT012","Category":"Housing & Utilities","Address":"No business address listed ","Website":"www.tmwf.org","Email":"tmwf@tmwf.org","Phone":"469-467-6241","Phone2":"972-880-4192","Phone3":"1-877-724-5699","Zip Code":75086,"Description":""},{"Agency Name":"Texas State of Family & Protective Services","City-ID":"CITY002","City":"Austin","Category-ID":"CAT001","Category":"Child Abuse","Address":"P.O. Box 149030, Austin, Tx 78714-9030","Website":"www.dfps.state.tx.us","Email":"","Phone":"512-438-4800","Phone2":"","Phone3":"","Zip Code":"78714-9030","Description":""},{"Agency Name":"Texas Workforce Commission","City-ID":"CITY012","City":"Plano","Category-ID":"CAT005","Category":"Employment assistance","Address":"520 Central Parkway E, Suite 200, Plano, Tx 75074","Website":"https://www.twc.texas.gov/news/job-seekers-resources","Email":"","Phone":"214-365-2800","Phone2":"","Phone3":"","Zip Code":75074,"Description":""},{"Agency Name":"The Family Place","City-ID":"CITY004","City":"Dallas","Category-ID":"CAT004","Category":"Domestic Violence","Address":"7424 Greenville Avenue, Suite 202, Dallas, Tx 75231","Website":"https://familyplace.org/resource/how-we-can-help","Email":"","Phone":"24 hr. Crisis Hotline: 214-941-1991","Phone2":"214-559-2170","Phone3":"","Zip Code":75231,"Description":""},{"Agency Name":"The Storehouse of Collin County","City-ID":"CITY012","City":"Plano","Category-ID":"CAT008","Category":"Food","Address":"1401 Mira Vista Blvd, Plano,Tx 75093","Website":"www.thestorehousecc.org","Email":"info@thestorehousecc.org","Phone":"469-385-1813","Phone2":"","Phone3":"","Zip Code":75093,"Description":""},{"Agency Name":"U.S. Dept. of Housing & Urban Development (HUD)","City-ID":"CITY005","City":"Fort Worth","Category-ID":"CAT012","Category":"Housing & Utilities","Address":"307 W. 7th Street, Suite 1000, Fort Worth, Tx 76102","Website":"www.hud.gov","Email":"TX_webmanager@hud.gov","Phone":"817-978-5600","Phone2":"1-202-708-1112","Phone3":"","Zip Code":76102,"Description":""},{"Agency Name":"USA Gov","City-ID":"CITY015","City":"Washington, DC","Category-ID":"CAT012","Category":"Housing & Utilities","Address":"No business address listed ","Website":"www.usa.gov/help-with-bills","Email":"","Phone":"1-844-872-4681","Phone2":"512-463-2000","Phone3":"","Zip Code":"78711-2428","Description":""},{"Agency Name":"Wellness Center for Older Adults","City-ID":"CITY012","City":"Plano","Category-ID":"CAT015","Category":"Medical & Dental assistance","Address":"401 W 16th Street, Suite 600, Plano, Tx 75075","Website":"https://www.wellnesscenteronline.org","Email":"","Phone":"972-953-7669","Phone2":"","Phone3":"","Zip Code":"","Description":""},{"Agency Name":"WIC - Women, Infants, & Children's Nutritional Program - Plano Office ","City-ID":"CITY012","City":"Plano","Category-ID":"CAT008","Category":"Food","Address":"900 E Park Blvd, Suite 165, Plano, Tx 75074","Website":"https://www.collincountytx.gov/Services/Health-Care-Services/wic-program","Email":"planowic@co.collin.tx.us","Phone":"972-548-5500","Phone2":"","Phone3":"","Zip Code":75074,"Description":""},{"Agency Name":"Workforce Solutions for North Central Texas","City-ID":"CITY012","City":"Plano","Category-ID":"CAT005","Category":"Employment assistance","Address":"1101 Resource Drive, Suite 100, Plano, Tx 75074","Website":"www.dfwjobs.com","Email":"planoworkforce@dfwjobs.com","Phone":"469-229-0099","Phone2":"","Phone3":"","Zip Code":75074,"Description":""}],"filters":[{"City-ID":"CITY001","City":"Allen","Category-ID":"CAT001","Category":"Child Abuse"},{"City-ID":"CITY002","City":"Austin","Category-ID":"CAT002","Category":"Clothing"},{"City-ID":"CITY003","City":"Berkeley","Category-ID":"CAT003","Category":"Counseling Resources"},{"City-ID":"CITY004","City":"Dallas","Category-ID":"CAT004","Category":"Domestic Violence"},{"City-ID":"CITY005","City":"Fort Worth","Category-ID":"CAT005","Category":"Employment assistance"},{"City-ID":"CITY006","City":"Frisco","Category-ID":"CAT006","Category":"ESL classes"},{"City-ID":"CITY007","City":"Houston","Category-ID":"CAT007","Category":"Financial and Legal Services"},{"City-ID":"CITY008","City":"Lewisville","Category-ID":"CAT008","Category":"Food"},{"City-ID":"CITY009","City":"Little Elm","Category-ID":"CAT009","Category":"Furniture, beds, and household goods"},{"City-ID":"CITY010","City":"McKinney","Category-ID":"CAT010","Category":"GED Classes"},{"City-ID":"CITY011","City":"New York City","Category-ID":"CAT011","Category":"Homeless"},{"City-ID":"CITY012","City":"Plano","Category-ID":"CAT012","Category":"Housing & Utilities"},{"City-ID":"CITY013","City":"Prosper","Category-ID":"CAT013","Category":"Hygiene Products"},{"City-ID":"CITY014","City":"Seattle","Category-ID":"CAT014","Category":"Literacy"},{"City-ID":"CITY015","City":"Washington, DC","Category-ID":"CAT015","Category":"Medical & Dental assistance"},{"City-ID":"CITY016","City":"Winter Springs, Florida","Category-ID":"CAT016","Category":"Other"},{"City-ID":"","City":"","Category-ID":"CAT017","Category":"Shelters"}]}}